customer_id,recency,frequency,monetary,R_score,F_score,M_score,RFM_score,segment,country,age_range,signup_date
1,54,1,663.69,2,1,4,7,Potential,France,56-65,2025-04-24
2,23,3,1450.65,4,5,5,14,VIP / Champions,France,36-45,2025-02-24
5,27,2,836.54,3,3,5,11,Loyal,Spain,26-35,2025-04-26
9,24,2,692.8,4,3,4,11,Loyal,Spain,46-55,2025-03-07
12,58,1,560.0,1,1,4,6,Need Attention,Germany,46-55,2025-06-11
14,50,1,167.61,2,1,1,4,At Risk / Lost,Germany,46-55,2025-03-08
15,25,2,534.0799999999999,4,3,3,10,Loyal,Netherlands,26-35,2025-04-05
16,55,1,511.39,1,1,3,5,Need Attention,Germany,26-35,2025-04-05
17,50,1,458.22,2,1,3,6,Need Attention,France,26-35,2025-04-17
18,22,1,342.14,4,1,2,7,Potential,France,36-45,2025-03-03
19,66,1,400.44,1,1,3,5,Need Attention,Germany,56-65,2025-02-14
20,5,1,537.95,5,1,3,9,Potential,France,26-35,2025-04-20
21,54,2,720.91,2,3,4,9,Potential,France,56-65,2025-03-31
22,22,2,575.52,4,3,4,11,Loyal,Germany,36-45,2025-03-03
23,33,1,207.29000000000002,3,1,1,5,Need Attention,France,56-65,2025-02-09
25,19,1,207.3,4,1,1,6,Need Attention,Italy,36-45,2025-03-24
27,22,1,269.84000000000003,4,1,1,6,Need Attention,Italy,16-25,2025-03-11
28,50,2,575.7,2,3,4,9,Potential,Spain,16-25,2025-04-02
29,52,1,427.27,2,1,3,6,Need Attention,Spain,56-65,2025-03-27
33,1,2,896.7099999999999,5,3,5,13,VIP / Champions,Italy,56-65,2025-02-26
35,13,2,651.4200000000001,5,4,4,13,VIP / Champions,France,26-35,2025-04-28
36,26,2,656.74,3,4,4,11,Loyal,France,26-35,2025-03-12
37,22,3,1034.9,4,5,5,14,VIP / Champions,Netherlands,46-55,2025-03-02
38,3,1,605.81,5,1,4,10,Loyal,Spain,26-35,2025-06-03
39,27,3,787.1600000000001,3,5,4,12,Loyal,France,36-45,2025-04-05
41,33,2,885.88,3,4,5,12,Loyal,Germany,36-45,2025-04-06
42,30,1,360.58,3,1,2,6,Need Attention,Spain,46-55,2025-04-19
43,43,1,363.76,2,1,2,5,Need Attention,Germany,56-65,2025-04-07
46,54,1,312.2,2,1,2,5,Need Attention,Germany,56-65,2025-04-26
47,13,2,581.15,5,4,4,13,VIP / Champions,Germany,26-35,2025-04-07
48,30,1,296.87,3,1,2,6,Need Attention,Germany,56-65,2025-03-22
49,2,1,581.8499999999999,5,1,4,10,Loyal,Netherlands,16-25,2025-04-03
51,35,1,200.04000000000002,2,1,1,4,At Risk / Lost,Germany,56-65,2025-02-06
53,24,3,868.9399999999999,4,5,5,14,VIP / Champions,Italy,46-55,2025-05-12
54,32,2,538.81,3,4,3,10,Loyal,Italy,26-35,2025-02-13
58,22,3,771.55,4,5,4,13,VIP / Champions,Germany,46-55,2025-04-11
59,36,1,344.13,2,1,2,5,Need Attention,Germany,16-25,2025-03-09
62,31,1,566.22,3,1,4,8,Potential,Spain,56-65,2025-03-30
63,18,1,387.04,4,1,2,7,Potential,Netherlands,16-25,2025-04-28
65,29,1,426.29999999999995,3,1,3,7,Potential,Spain,16-25,2025-05-09
69,1,2,1162.5900000000001,5,4,5,14,VIP / Champions,Germany,16-25,2025-05-21
70,30,1,193.4,3,1,1,5,Need Attention,Germany,26-35,2025-03-11
72,18,1,509.07,4,1,3,8,Potential,Spain,36-45,2025-02-20
74,45,1,430.55,2,1,3,6,Need Attention,France,36-45,2025-06-06
75,50,1,376.16999999999996,2,1,2,5,Need Attention,Italy,46-55,2025-02-21
76,5,2,674.95,5,4,4,13,VIP / Champions,Germany,56-65,2025-02-17
81,23,2,673.1,4,4,4,12,Loyal,Germany,46-55,2025-04-03
86,4,2,632.04,5,4,4,13,VIP / Champions,Netherlands,46-55,2025-04-09
88,21,1,311.61,4,1,2,7,Potential,Germany,36-45,2025-04-10
90,59,1,208.57,1,1,1,3,At Risk / Lost,Germany,36-45,2025-04-14
91,19,1,87.45,4,1,1,6,Need Attention,Netherlands,16-25,2025-04-02
92,31,2,1221.8200000000002,3,4,5,12,Loyal,Italy,46-55,2025-03-14
94,20,1,439.49,4,1,3,8,Potential,France,16-25,2025-04-04
96,25,3,1049.01,4,5,5,14,VIP / Champions,Italy,36-45,2025-02-15
99,53,7,2678.59,2,5,5,12,Loyal,Spain,36-45,2025-03-17
100,13,2,532.0699999999999,5,4,3,12,Loyal,Italy,26-35,2025-01-30
103,23,2,809.3199999999999,4,4,5,13,VIP / Champions,France,56-65,2025-02-17
104,30,2,800.02,3,4,5,12,Loyal,Netherlands,56-65,2025-03-20
106,4,2,999.84,5,4,5,14,VIP / Champions,Germany,36-45,2025-05-04
107,33,1,466.15999999999997,3,1,3,7,Potential,Germany,46-55,2025-04-06
109,2,1,261.45,5,1,1,7,Potential,France,26-35,2025-04-17
112,3,1,562.46,5,1,4,10,Loyal,France,26-35,2025-04-13
113,35,3,875.9300000000001,2,5,5,12,Loyal,Germany,26-35,2025-02-28
115,60,1,282.19,1,1,1,3,At Risk / Lost,Germany,56-65,2025-03-24
116,28,1,447.76,3,1,3,7,Potential,Netherlands,56-65,2025-02-27
117,20,1,362.23,4,1,2,7,Potential,Germany,56-65,2025-03-27
118,14,1,411.94,4,1,3,8,Potential,Italy,16-25,2025-02-15
120,20,2,889.77,4,4,5,13,VIP / Champions,Germany,46-55,2025-04-26
122,73,1,376.24,1,1,2,4,At Risk / Lost,Germany,36-45,2025-02-08
123,59,1,227.26999999999998,1,1,1,3,At Risk / Lost,Italy,26-35,2025-03-19
124,63,1,341.94,1,1,2,4,At Risk / Lost,France,36-45,2025-04-15
125,18,1,516.66,4,1,3,8,Potential,Germany,46-55,2025-05-05
126,26,1,102.61,3,1,1,5,Need Attention,Netherlands,26-35,2025-02-01
127,2,1,97.72999999999999,5,1,1,7,Potential,Netherlands,56-65,2025-05-02
128,75,1,414.7,1,1,3,5,Need Attention,Netherlands,56-65,2025-03-09
129,60,1,529.4,1,1,3,5,Need Attention,France,26-35,2025-03-27
130,31,1,449.16999999999996,3,1,3,7,Potential,Germany,16-25,2025-02-24
131,18,3,996.88,4,5,5,14,VIP / Champions,Germany,46-55,2025-03-28
132,61,1,760.4000000000001,1,1,4,6,Need Attention,France,46-55,2025-02-26
133,63,1,377.18,1,1,2,4,At Risk / Lost,France,36-45,2025-01-07
135,29,2,913.5899999999999,3,4,5,12,Loyal,France,36-45,2025-01-21
139,57,1,337.56,1,1,2,4,At Risk / Lost,Germany,16-25,2025-02-26
143,50,1,319.3,2,1,2,5,Need Attention,Netherlands,56-65,2025-05-19
144,32,4,1081.48,3,5,5,13,VIP / Champions,Germany,46-55,2025-03-09
147,64,1,303.0,1,1,2,4,At Risk / Lost,Germany,36-45,2025-02-13
148,27,1,673.59,3,1,4,8,Potential,Netherlands,26-35,2025-03-03
150,28,1,299.77,3,1,2,6,Need Attention,France,46-55,2025-06-06
151,22,2,766.65,4,4,4,12,Loyal,Spain,56-65,2025-04-02
152,53,1,282.2,2,1,1,4,At Risk / Lost,France,26-35,2025-02-27
153,52,1,168.3,2,1,1,4,At Risk / Lost,France,26-35,2025-05-21
154,26,1,89.46000000000001,3,1,1,5,Need Attention,France,36-45,2025-01-16
155,33,1,365.27,3,1,2,6,Need Attention,Germany,26-35,2025-02-19
157,57,1,375.47,1,1,2,4,At Risk / Lost,Italy,56-65,2025-05-11
158,64,1,564.1700000000001,1,1,4,6,Need Attention,Netherlands,26-35,2025-05-21
160,1,3,956.72,5,5,5,15,VIP / Champions,Germany,56-65,2025-02-12
161,53,3,964.22,2,5,5,12,Loyal,Spain,36-45,2025-03-26
162,74,1,317.71,1,1,2,4,At Risk / Lost,Germany,36-45,2025-03-05
163,13,2,545.96,5,4,4,13,VIP / Champions,Italy,16-25,2025-03-18
165,66,1,396.88,1,1,2,4,At Risk / Lost,France,26-35,2025-03-12
167,33,2,787.01,3,4,4,11,Loyal,France,46-55,2025-03-07
168,13,2,971.04,5,4,5,14,VIP / Champions,France,36-45,2025-01-23
170,1,1,587.46,5,1,4,10,Loyal,France,36-45,2025-04-12
171,33,1,206.5,3,1,1,5,Need Attention,Italy,16-25,2025-01-23
172,75,1,248.96,1,1,1,3,At Risk / Lost,Italy,26-35,2025-01-31
173,4,1,246.83,5,1,1,7,Potential,Germany,26-35,2025-02-04
174,18,1,568.88,4,1,4,9,Potential,Germany,26-35,2025-05-27
176,19,1,200.76999999999998,4,1,1,6,Need Attention,Germany,26-35,2025-04-28
177,32,1,149.91,3,1,1,5,Need Attention,Italy,56-65,2025-03-16
180,24,1,316.23,4,1,2,7,Potential,Germany,56-65,2025-02-13
181,34,1,212.16,2,1,1,4,At Risk / Lost,Italy,36-45,2025-06-12
182,18,1,367.01,4,1,2,7,Potential,France,46-55,2025-03-22
184,31,1,348.33,3,1,2,6,Need Attention,France,46-55,2025-04-11
186,23,1,400.35,4,1,3,8,Potential,Netherlands,46-55,2025-03-27
187,29,1,327.88,3,1,2,6,Need Attention,France,26-35,2025-04-12
188,3,1,334.56,5,1,2,8,Potential,France,46-55,2025-02-22
189,29,1,627.9,3,1,4,8,Potential,Germany,46-55,2025-04-19
190,30,5,1722.06,3,5,5,13,VIP / Champions,Italy,26-35,2025-03-23
191,18,2,1046.29,4,4,5,13,VIP / Champions,Germany,16-25,2025-03-20
192,61,3,1327.03,1,5,5,11,Loyal,Spain,46-55,2025-03-03
194,54,1,423.11,2,1,3,6,Need Attention,Netherlands,16-25,2025-04-22
195,28,1,299.7,3,1,2,6,Need Attention,France,56-65,2025-02-28
196,53,2,745.77,2,4,4,10,Loyal,Italy,16-25,2025-05-16
198,29,1,533.21,3,1,3,7,Potential,Germany,26-35,2025-03-14
201,2,2,386.09000000000003,5,4,2,11,Loyal,France,36-45,2025-04-14
202,74,1,448.54999999999995,1,1,3,5,Need Attention,Netherlands,36-45,2025-05-16
203,45,1,224.2,2,1,1,4,At Risk / Lost,Italy,46-55,2025-04-18
204,52,1,232.25,2,1,1,4,At Risk / Lost,Germany,16-25,2025-05-03
206,4,1,357.39,5,1,2,8,Potential,Spain,36-45,2025-04-29
207,36,1,393.19000000000005,2,1,2,5,Need Attention,Germany,16-25,2025-04-12
208,54,1,445.12,2,1,3,6,Need Attention,France,36-45,2025-02-02
215,25,2,346.28000000000003,4,4,2,10,Loyal,Netherlands,56-65,2025-02-03
217,4,3,1129.05,5,5,5,15,VIP / Champions,Italy,56-65,2025-04-10
218,53,2,497.45,2,4,3,9,Potential,Germany,16-25,2025-03-19
220,13,4,2180.51,5,5,5,15,VIP / Champions,Germany,26-35,2025-01-30
223,20,2,721.47,4,4,4,12,Loyal,Germany,16-25,2025-03-27
225,58,3,1241.06,1,5,5,11,Loyal,France,26-35,2025-03-12
226,64,1,256.76,1,1,1,3,At Risk / Lost,Netherlands,16-25,2025-02-16
227,19,1,183.62,4,1,1,6,Need Attention,France,46-55,2025-04-23
230,30,2,521.1,3,4,3,10,Loyal,France,56-65,2025-02-26
231,23,3,1284.87,4,5,5,14,VIP / Champions,France,16-25,2025-02-21
233,3,3,1056.35,5,5,5,15,VIP / Champions,France,26-35,2025-03-27
234,35,1,274.11,2,1,1,4,At Risk / Lost,Italy,26-35,2025-02-11
235,32,1,275.27,3,1,1,5,Need Attention,Italy,56-65,2025-04-08
237,21,1,223.28000000000003,4,1,1,6,Need Attention,Germany,46-55,2025-02-14
241,60,1,291.32,1,1,2,4,At Risk / Lost,Spain,46-55,2025-03-27
242,52,1,453.66,2,1,3,6,Need Attention,Netherlands,46-55,2025-04-11
243,32,1,284.19,3,1,2,6,Need Attention,Germany,16-25,2025-01-27
244,49,1,246.20000000000002,2,1,1,4,At Risk / Lost,Netherlands,36-45,2025-03-13
246,26,1,342.07000000000005,3,1,2,6,Need Attention,Spain,26-35,2025-05-02
247,1,2,511.92,5,4,3,12,Loyal,Netherlands,46-55,2025-02-14
252,43,2,917.91,2,4,5,11,Loyal,Italy,16-25,2025-03-02
253,4,4,1882.24,5,5,5,15,VIP / Champions,France,26-35,2025-04-01
254,29,3,1027.94,3,5,5,13,VIP / Champions,Italy,36-45,2025-04-21
256,58,1,246.26,1,1,1,3,At Risk / Lost,Italy,16-25,2025-05-13
258,31,1,309.68,3,1,2,6,Need Attention,Netherlands,46-55,2025-05-26
259,55,1,506.83000000000004,1,1,3,5,Need Attention,Germany,36-45,2025-03-25
263,30,1,138.93,3,1,1,5,Need Attention,France,16-25,2025-04-11
264,60,1,326.35,1,1,2,4,At Risk / Lost,Netherlands,56-65,2025-03-23
265,31,1,323.18,3,1,2,6,Need Attention,Italy,46-55,2025-03-29
268,44,2,546.9,2,4,4,10,Loyal,Germany,46-55,2025-02-19
269,1,1,270.18,5,1,1,7,Potential,Spain,36-45,2025-02-27
270,18,1,757.22,4,1,4,9,Potential,Germany,26-35,2025-02-27
271,3,2,941.27,5,4,5,14,VIP / Champions,Germany,16-25,2025-03-13
272,25,1,306.9,4,1,2,7,Potential,Netherlands,56-65,2025-05-25
273,44,1,334.88,2,1,2,5,Need Attention,France,16-25,2025-03-01
274,64,1,286.19,1,1,2,4,At Risk / Lost,Germany,16-25,2025-04-02
277,13,4,1825.27,5,5,5,15,VIP / Champions,Italy,16-25,2025-02-26
279,34,1,535.45,2,1,3,6,Need Attention,France,36-45,2025-04-09
280,12,2,765.04,5,4,4,13,VIP / Champions,Germany,26-35,2025-02-15
283,29,2,740.02,3,4,4,11,Loyal,France,56-65,2025-04-13
284,51,1,447.91999999999996,2,1,3,6,Need Attention,Italy,16-25,2025-03-27
285,14,2,850.11,4,4,5,13,VIP / Champions,France,16-25,2025-02-10
288,28,1,349.65999999999997,3,1,2,6,Need Attention,Italy,36-45,2025-02-05
289,44,2,876.69,2,4,5,11,Loyal,Netherlands,46-55,2025-04-30
294,60,1,291.23,1,1,2,4,At Risk / Lost,Italy,16-25,2025-05-18
296,49,1,178.68,2,1,1,4,At Risk / Lost,France,16-25,2025-06-02
298,25,1,503.92999999999995,4,1,3,8,Potential,Germany,16-25,2025-05-03
301,36,1,394.47,2,1,2,5,Need Attention,France,26-35,2025-03-24
302,44,2,759.6,2,4,4,10,Loyal,Germany,56-65,2025-03-13
304,62,1,295.02,1,1,2,4,At Risk / Lost,France,36-45,2025-03-13
305,51,1,400.86,2,1,3,6,Need Attention,Germany,46-55,2025-02-09
309,44,1,249.20999999999998,2,2,1,5,Need Attention,Spain,46-55,2025-04-18
314,44,2,485.67,2,4,3,9,Potential,Germany,26-35,2025-03-19
316,36,1,218.19,2,2,1,5,Need Attention,France,36-45,2025-02-15
318,20,1,89.97,4,2,1,7,Potential,France,46-55,2025-02-20
321,31,1,683.47,3,2,4,9,Potential,Germany,36-45,2025-04-27
323,4,2,798.25,5,4,4,13,VIP / Champions,Netherlands,26-35,2025-04-03
325,58,1,382.77,1,2,2,5,Need Attention,Germany,36-45,2025-03-26
326,32,1,200.11,3,2,1,6,Need Attention,Italy,26-35,2025-06-09
327,62,1,458.36,1,2,3,6,Need Attention,France,26-35,2025-01-31
331,31,2,500.19,3,4,3,10,Loyal,Spain,56-65,2025-04-02
336,73,1,357.92,1,2,2,5,Need Attention,Italy,46-55,2025-02-16
338,13,3,1130.57,5,5,5,15,VIP / Champions,Spain,26-35,2025-04-04
339,25,1,291.04,4,2,2,8,Potential,France,16-25,2025-04-16
340,34,2,729.27,2,4,4,10,Loyal,Italy,46-55,2025-03-18
341,27,1,297.86,3,2,2,7,Potential,France,16-25,2025-04-20
342,14,3,611.73,4,5,4,13,VIP / Champions,Netherlands,36-45,2025-04-24
344,34,2,819.97,2,4,5,11,Loyal,Netherlands,16-25,2025-04-03
346,23,4,1660.56,4,5,5,14,VIP / Champions,Italy,56-65,2025-01-26
348,32,2,941.35,3,4,5,12,Loyal,Germany,36-45,2025-02-19
349,60,2,445.0,1,4,3,8,Potential,Germany,26-35,2025-03-20
350,5,1,484.9,5,2,3,10,Loyal,France,36-45,2025-02-27
354,13,1,517.88,5,2,3,10,Loyal,Germany,36-45,2025-02-05
357,14,1,308.11,4,2,2,8,Potential,Italy,36-45,2025-02-20
359,22,1,78.69,4,2,1,7,Potential,France,16-25,2025-03-31
361,31,1,294.06,3,2,2,7,Potential,Netherlands,26-35,2025-03-29
365,24,2,576.17,4,4,4,12,Loyal,France,56-65,2025-03-24
367,26,2,862.49,3,4,5,12,Loyal,Netherlands,46-55,2025-03-19
369,4,1,298.02,5,2,2,9,Potential,Netherlands,36-45,2025-04-01
370,50,1,415.23,2,2,3,7,Potential,Netherlands,26-35,2025-01-23
373,59,2,947.06,1,4,5,10,Loyal,Spain,56-65,2025-02-25
374,75,1,231.66,1,2,1,4,At Risk / Lost,Italy,16-25,2025-03-03
375,36,1,214.07999999999998,2,2,1,5,Need Attention,Germany,36-45,2025-02-28
376,55,1,147.29,1,2,1,4,At Risk / Lost,Germany,36-45,2025-04-16
377,31,1,446.09000000000003,3,2,3,8,Potential,Spain,16-25,2025-02-03
379,49,1,696.69,2,2,4,8,Potential,Germany,46-55,2025-04-03
380,32,2,313.0,3,4,2,9,Potential,Italy,46-55,2025-03-15
384,43,1,211.8,2,2,1,5,Need Attention,Germany,16-25,2025-04-22
385,23,2,919.95,4,4,5,13,VIP / Champions,Germany,46-55,2025-04-11
386,4,3,833.88,5,5,5,15,VIP / Champions,France,36-45,2025-03-28
387,18,2,749.9100000000001,4,4,4,12,Loyal,France,46-55,2025-02-04
388,12,2,1059.34,5,4,5,14,VIP / Champions,France,26-35,2025-04-09
390,27,1,384.56,3,2,2,7,Potential,Germany,46-55,2025-03-26
392,27,2,733.8599999999999,3,4,4,11,Loyal,Netherlands,36-45,2025-02-20
393,18,4,631.2,4,5,4,13,VIP / Champions,France,46-55,2025-04-09
394,25,1,66.93,4,2,1,7,Potential,Spain,56-65,2025-03-03
396,35,2,786.76,2,4,4,10,Loyal,Netherlands,36-45,2025-04-07
397,1,2,1123.43,5,4,5,14,VIP / Champions,France,36-45,2025-02-08
398,18,3,999.8900000000001,4,5,5,14,VIP / Champions,Spain,16-25,2025-01-26
400,63,1,532.3,1,2,3,6,Need Attention,Netherlands,16-25,2025-02-16
401,1,2,901.51,5,4,5,14,VIP / Champions,France,26-35,2025-04-19
402,12,1,390.78,5,2,2,9,Potential,Italy,16-25,2025-04-29
403,36,2,627.05,2,4,4,10,Loyal,Germany,26-35,2025-03-24
404,4,1,492.16999999999996,5,2,3,10,Loyal,Germany,56-65,2025-03-26
407,57,2,491.78,1,4,3,8,Potential,Italy,16-25,2025-02-22
408,12,1,339.49,5,2,2,9,Potential,Germany,46-55,2025-03-29
411,14,1,266.41999999999996,4,2,1,7,Potential,Germany,56-65,2025-04-13
413,26,1,740.54,3,2,4,9,Potential,France,16-25,2025-04-29
414,30,1,646.1,3,2,4,9,Potential,Germany,46-55,2025-03-29
415,20,2,638.51,4,4,4,12,Loyal,France,36-45,2025-03-08
416,2,1,109.62,5,2,1,8,Potential,France,46-55,2025-04-01
417,59,1,536.98,1,2,3,6,Need Attention,Spain,36-45,2025-03-03
418,31,1,328.55,3,2,2,7,Potential,France,36-45,2025-02-15
419,26,1,816.6,3,2,5,10,Loyal,Spain,36-45,2025-03-28
420,14,2,706.81,4,4,4,12,Loyal,Germany,36-45,2025-03-07
422,19,2,640.38,4,4,4,12,Loyal,Netherlands,46-55,2025-02-25
427,60,1,423.12,1,2,3,6,Need Attention,Spain,26-35,2025-03-26
428,58,1,404.19,1,2,3,6,Need Attention,Spain,56-65,2025-04-18
432,59,1,432.21000000000004,1,2,3,6,Need Attention,Germany,36-45,2025-01-22
435,3,1,456.04999999999995,5,2,3,10,Loyal,Netherlands,36-45,2025-02-17
436,18,1,343.05,4,2,2,8,Potential,Germany,26-35,2025-03-10
438,28,1,646.63,3,2,4,9,Potential,Germany,16-25,2025-05-21
439,29,1,324.5,3,2,2,7,Potential,Germany,36-45,2025-05-11
442,58,2,855.46,1,4,5,10,Loyal,Germany,16-25,2025-04-22
444,23,1,370.24,4,2,2,8,Potential,Germany,26-35,2025-01-28
445,3,2,725.52,5,4,4,13,VIP / Champions,Italy,46-55,2025-03-25
447,53,1,257.03,2,2,1,5,Need Attention,France,26-35,2025-03-19
451,64,1,504.65999999999997,1,2,3,6,Need Attention,France,36-45,2025-05-09
453,3,3,1665.51,5,5,5,15,VIP / Champions,France,16-25,2025-02-08
455,45,2,1366.0,2,4,5,11,Loyal,Netherlands,36-45,2025-04-07
456,18,3,671.99,4,5,4,13,VIP / Champions,Italy,26-35,2025-01-31
457,61,1,265.11,1,2,1,4,At Risk / Lost,Germany,16-25,2025-04-23
459,55,1,295.25,1,2,2,5,Need Attention,France,46-55,2025-04-18
460,4,2,517.6,5,4,3,12,Loyal,Netherlands,56-65,2025-02-24
461,60,1,172.89000000000001,1,2,1,4,At Risk / Lost,Germany,26-35,2025-03-27
462,33,2,522.6600000000001,3,4,3,10,Loyal,Italy,36-45,2025-03-08
464,63,1,104.81,1,2,1,4,At Risk / Lost,Germany,36-45,2025-04-14
467,5,1,139.01,5,2,1,8,Potential,Spain,26-35,2025-06-09
469,27,1,526.82,3,2,3,8,Potential,Italy,26-35,2025-04-02
470,59,1,459.42,1,2,3,6,Need Attention,Italy,56-65,2025-04-05
471,73,1,116.41,1,2,1,4,At Risk / Lost,Netherlands,56-65,2025-03-11
472,60,2,821.77,1,4,5,10,Loyal,France,36-45,2025-03-16
473,2,3,1332.81,5,5,5,15,VIP / Champions,France,16-25,2025-02-08
474,4,2,548.8,5,4,4,13,VIP / Champions,France,36-45,2025-03-28
475,21,2,669.26,4,4,4,12,Loyal,Italy,26-35,2025-03-15
476,34,2,820.71,2,4,5,11,Loyal,Germany,56-65,2025-03-03
477,30,3,1389.3899999999999,3,5,5,13,VIP / Champions,Spain,16-25,2025-02-23
481,51,1,345.59000000000003,2,2,2,6,Need Attention,France,56-65,2025-05-09
484,23,1,440.7,4,2,3,9,Potential,France,56-65,2025-04-26
485,4,2,358.54,5,4,2,11,Loyal,Netherlands,36-45,2025-02-11
488,24,1,588.12,4,2,4,10,Loyal,Germany,46-55,2025-04-06
489,1,1,290.39,5,2,2,9,Potential,Germany,56-65,2025-05-17
490,33,2,689.97,3,4,4,11,Loyal,Germany,56-65,2025-01-22
492,5,2,594.15,5,4,4,13,VIP / Champions,Germany,26-35,2025-02-27
493,4,2,591.04,5,4,4,13,VIP / Champions,Germany,56-65,2025-02-17
496,53,1,281.54,2,2,1,5,Need Attention,Italy,16-25,2025-03-31
497,5,3,908.63,5,5,5,15,VIP / Champions,Germany,36-45,2025-02-10
499,5,2,856.0,5,4,5,14,VIP / Champions,France,36-45,2025-05-06
500,12,1,181.08,5,2,1,8,Potential,Germany,56-65,2025-04-20
501,44,1,490.91999999999996,2,2,3,7,Potential,Italy,36-45,2025-03-19
503,20,2,934.49,4,4,5,13,VIP / Champions,Italy,16-25,2025-04-08
504,19,1,435.62,4,2,3,9,Potential,Netherlands,16-25,2025-04-21
505,32,2,952.57,3,4,5,12,Loyal,Germany,26-35,2025-03-28
506,33,3,1016.2299999999999,3,5,5,13,VIP / Champions,France,26-35,2025-05-22
508,60,1,483.65,1,2,3,6,Need Attention,Italy,16-25,2025-03-18
509,49,1,187.46,2,2,1,5,Need Attention,Netherlands,36-45,2025-01-29
510,22,2,707.37,4,4,4,12,Loyal,France,16-25,2025-03-18
511,21,4,1226.95,4,5,5,14,VIP / Champions,France,16-25,2025-04-18
512,13,2,589.6800000000001,5,4,4,13,VIP / Champions,Germany,56-65,2025-02-01
513,56,1,142.9,1,2,1,4,At Risk / Lost,France,46-55,2025-06-12
516,50,2,851.4399999999999,2,4,5,11,Loyal,Germany,36-45,2025-03-27
517,21,1,416.34000000000003,4,2,3,9,Potential,Netherlands,26-35,2025-02-03
518,58,1,681.05,1,2,4,7,Potential,Germany,46-55,2025-03-29
519,53,1,548.5600000000001,2,2,4,8,Potential,Italy,16-25,2025-02-10
521,2,1,332.1,5,2,2,9,Potential,France,46-55,2025-03-18
522,33,1,302.4,3,2,2,7,Potential,Spain,16-25,2025-02-12
525,13,3,1062.3700000000001,5,5,5,15,VIP / Champions,Italy,16-25,2025-04-23
531,2,1,259.33,5,2,1,8,Potential,Spain,26-35,2025-04-01
538,62,1,573.78,1,2,4,7,Potential,Netherlands,46-55,2025-04-01
541,62,1,425.02,1,2,3,6,Need Attention,France,56-65,2025-04-17
545,75,1,342.09000000000003,1,2,2,5,Need Attention,Germany,16-25,2025-04-22
547,12,2,572.86,5,4,4,13,VIP / Champions,France,36-45,2025-05-22
548,66,1,96.18,1,2,1,4,At Risk / Lost,Germany,36-45,2025-03-09
551,12,2,680.68,5,4,4,13,VIP / Champions,France,16-25,2025-03-11
554,62,1,229.7,1,2,1,4,At Risk / Lost,France,56-65,2025-02-22
556,34,3,769.48,2,5,4,11,Loyal,Italy,16-25,2025-03-27
557,75,1,184.46999999999997,1,2,1,4,At Risk / Lost,Spain,56-65,2025-01-22
560,65,1,437.07,1,2,3,6,Need Attention,Germany,26-35,2025-04-10
561,62,1,224.18,1,2,1,4,At Risk / Lost,France,26-35,2025-03-24
562,36,1,448.98,2,2,3,7,Potential,Germany,16-25,2025-04-30
563,55,2,729.3900000000001,1,4,4,9,Potential,Netherlands,46-55,2025-04-06
564,22,3,1702.7,4,5,5,14,VIP / Champions,Italy,26-35,2025-02-23
565,30,2,830.28,3,4,5,12,Loyal,Spain,46-55,2025-05-08
566,53,3,1124.04,2,5,5,12,Loyal,Italy,36-45,2025-02-11
567,28,1,332.0,3,2,2,7,Potential,Netherlands,26-35,2025-04-19
569,66,1,577.9,1,2,4,7,Potential,France,36-45,2025-03-18
570,4,2,717.3199999999999,5,4,4,13,VIP / Champions,Spain,16-25,2025-04-13
572,21,2,894.13,4,4,5,13,VIP / Champions,Netherlands,56-65,2025-02-06
574,27,2,853.04,3,4,5,12,Loyal,Italy,16-25,2025-04-25
575,2,2,662.56,5,4,4,13,VIP / Champions,Netherlands,26-35,2025-04-15
577,62,1,194.08999999999997,1,2,1,4,At Risk / Lost,Netherlands,26-35,2025-04-29
578,33,1,175.37,3,2,1,6,Need Attention,Germany,16-25,2025-04-03
580,21,1,324.16,4,2,2,8,Potential,Italy,46-55,2025-05-06
581,18,1,395.24,4,2,2,8,Potential,Germany,56-65,2025-05-27
587,73,1,603.85,1,2,4,7,Potential,Germany,36-45,2025-05-09
588,36,1,322.48,2,2,2,6,Need Attention,Portugal,56-65,2025-04-12
593,25,1,386.91999999999996,4,2,2,8,Potential,France,26-35,2025-03-11
596,51,1,284.08000000000004,2,2,1,5,Need Attention,Italy,26-35,2025-05-15
601,25,2,582.15,4,4,4,12,Loyal,Germany,56-65,2025-04-13
602,58,1,301.16,1,2,2,5,Need Attention,Portugal,16-25,2025-05-09
604,44,1,223.28,2,2,1,5,Need Attention,Italy,46-55,2025-04-17
605,54,1,341.2,2,2,2,6,Need Attention,Spain,26-35,2025-03-24
607,22,2,1141.14,4,4,5,13,VIP / Champions,France,36-45,2025-02-17
608,19,2,925.6,4,4,5,13,VIP / Champions,France,26-35,2025-02-12
609,2,2,815.88,5,4,5,14,VIP / Champions,Italy,56-65,2025-02-13
610,1,1,282.36,5,2,1,8,Potential,France,16-25,2025-04-12
611,55,1,289.93,1,2,2,5,Need Attention,Spain,36-45,2025-04-18
612,21,2,877.5799999999999,4,4,5,13,VIP / Champions,Italy,36-45,2025-02-06
613,1,4,1528.54,5,5,5,15,VIP / Champions,Netherlands,16-25,2025-05-12
615,30,1,101.64,3,2,1,6,Need Attention,Portugal,46-55,2025-04-06
617,45,1,390.32,2,2,2,6,Need Attention,Netherlands,26-35,2025-03-30
620,45,2,538.54,2,4,3,9,Potential,Netherlands,56-65,2025-04-20
624,35,1,214.70000000000002,2,2,1,5,Need Attention,Spain,36-45,2025-03-11
625,61,2,576.09,1,4,4,9,Potential,Portugal,46-55,2025-01-28
626,1,2,492.35,5,4,3,12,Loyal,Italy,36-45,2025-02-19
628,12,2,578.84,5,4,4,13,VIP / Champions,France,46-55,2025-02-21
633,45,1,314.71,2,2,2,6,Need Attention,Spain,56-65,2025-03-11
634,3,3,880.97,5,5,5,15,VIP / Champions,Portugal,46-55,2025-03-03
636,58,1,181.07999999999998,1,2,1,4,At Risk / Lost,Spain,56-65,2025-03-18
638,57,3,1456.35,1,5,5,11,Loyal,France,46-55,2025-04-11
639,56,1,232.42000000000002,1,2,1,4,At Risk / Lost,Italy,56-65,2025-03-26
640,28,3,1150.09,3,5,5,13,VIP / Champions,France,26-35,2025-01-20
641,5,2,528.42,5,4,3,12,Loyal,Spain,36-45,2025-03-21
642,64,1,747.5,1,2,4,7,Potential,Portugal,46-55,2025-05-14
643,36,1,295.16,2,2,2,6,Need Attention,Portugal,16-25,2025-02-26
646,14,1,410.95000000000005,4,2,3,9,Potential,Spain,56-65,2025-02-17
647,56,1,168.2,1,2,1,4,At Risk / Lost,France,16-25,2025-05-23
648,31,2,271.09000000000003,3,4,1,8,Potential,Germany,36-45,2025-02-18
649,2,1,293.28,5,2,2,9,Potential,Italy,56-65,2025-02-23
652,57,1,385.1,1,2,2,5,Need Attention,Germany,56-65,2025-03-15
653,53,2,371.21,2,4,2,8,Potential,Portugal,36-45,2025-05-12
654,61,1,346.27,1,2,2,5,Need Attention,Italy,56-65,2025-05-05
655,75,1,323.53999999999996,1,2,2,5,Need Attention,Italy,56-65,2025-03-20
656,20,2,915.5899999999999,4,4,5,13,VIP / Champions,Germany,56-65,2025-03-24
657,28,2,722.57,3,4,4,11,Loyal,Italy,26-35,2025-03-16
658,60,1,472.29,1,2,3,6,Need Attention,Italy,36-45,2025-03-08
659,4,4,1208.21,5,5,5,15,VIP / Champions,Portugal,46-55,2025-03-19
660,3,2,663.05,5,4,4,13,VIP / Champions,Italy,56-65,2025-04-23
662,49,1,202.77,2,2,1,5,Need Attention,Italy,36-45,2025-03-05
663,20,2,779.36,4,4,4,12,Loyal,Netherlands,26-35,2025-03-08
664,44,4,1049.9,2,5,5,12,Loyal,France,56-65,2025-04-18
665,63,1,230.45000000000002,1,2,1,4,At Risk / Lost,Portugal,26-35,2025-04-06
670,58,2,697.36,1,4,4,9,Potential,Italy,36-45,2025-04-21
672,59,2,529.95,1,4,3,8,Potential,Germany,56-65,2025-01-23
673,20,1,221.60000000000002,4,2,1,7,Potential,Germany,36-45,2025-04-16
675,20,2,988.55,4,4,5,13,VIP / Champions,Italy,36-45,2025-01-19
676,43,1,490.53,2,2,3,7,Potential,Portugal,26-35,2025-04-26
677,35,1,566.89,2,2,4,8,Potential,Portugal,36-45,2025-03-12
681,62,1,376.3,1,2,2,5,Need Attention,Germany,16-25,2025-02-07
682,2,4,1602.07,5,5,5,15,VIP / Champions,Portugal,16-25,2025-03-10
684,24,3,1201.32,4,5,5,14,VIP / Champions,Netherlands,56-65,2025-04-06
685,4,1,538.23,5,3,3,11,Loyal,Spain,36-45,2025-04-14
686,32,1,511.12,3,3,3,9,Potential,Netherlands,16-25,2025-04-11
687,61,1,204.48000000000002,1,3,1,5,Need Attention,France,26-35,2025-05-09
688,49,1,379.15999999999997,2,3,2,7,Potential,Italy,46-55,2025-04-02
689,33,1,216.76,3,3,1,7,Potential,Spain,56-65,2025-03-19
690,31,1,202.69,3,3,1,7,Potential,Spain,46-55,2025-04-30
691,19,2,1011.2,4,4,5,13,VIP / Champions,Italy,46-55,2025-04-04
692,4,2,633.36,5,4,4,13,VIP / Champions,France,56-65,2025-05-05
693,5,1,378.07,5,3,2,10,Loyal,Netherlands,26-35,2025-03-13
695,25,1,226.56,4,3,1,8,Potential,Spain,56-65,2025-02-17
697,74,1,239.39,1,3,1,5,Need Attention,Germany,56-65,2025-03-31
698,34,1,358.65000000000003,2,3,2,7,Potential,Portugal,36-45,2025-04-05
699,2,3,1326.22,5,5,5,15,VIP / Champions,Netherlands,56-65,2025-02-25
700,29,2,534.47,3,4,3,10,Loyal,Portugal,16-25,2025-03-08
701,60,1,310.54,1,3,2,6,Need Attention,Spain,26-35,2025-02-06
702,27,1,302.23,3,3,2,8,Potential,Portugal,46-55,2025-06-08
703,53,1,608.6700000000001,2,3,4,9,Potential,Germany,16-25,2025-03-30
704,13,1,309.58,5,3,2,10,Loyal,Germany,16-25,2025-04-10
706,74,1,195.35,1,3,1,5,Need Attention,France,36-45,2025-04-26
710,28,2,1012.46,3,4,5,12,Loyal,France,36-45,2025-02-05
711,18,1,61.09,4,3,1,8,Potential,France,16-25,2025-05-04
714,51,1,430.6,2,3,3,8,Potential,Portugal,46-55,2025-03-22
718,44,1,487.95000000000005,2,3,3,8,Potential,Italy,16-25,2025-04-01
720,36,2,1123.52,2,4,5,11,Loyal,Spain,46-55,2025-03-21
725,12,1,411.47,5,3,3,11,Loyal,Spain,36-45,2025-04-14
726,61,1,503.83000000000004,1,3,3,7,Potential,Germany,56-65,2025-04-03
727,12,3,1310.97,5,5,5,15,VIP / Champions,Portugal,26-35,2025-03-09
728,18,1,431.38,4,3,3,10,Loyal,Netherlands,56-65,2025-04-02
729,22,2,541.5799999999999,4,4,3,11,Loyal,Portugal,36-45,2025-04-24
730,32,2,467.27,3,4,3,10,Loyal,Spain,16-25,2025-02-16
733,64,1,149.36,1,3,1,5,Need Attention,Germany,26-35,2025-04-02
734,30,2,687.59,3,4,4,11,Loyal,Netherlands,46-55,2025-03-28
735,24,2,598.95,4,4,4,12,Loyal,France,26-35,2025-04-02
736,12,2,594.67,5,4,4,13,VIP / Champions,Germany,26-35,2025-02-19
739,13,2,964.24,5,4,5,14,VIP / Champions,Portugal,26-35,2025-02-09
741,58,1,275.01,1,3,1,5,Need Attention,Portugal,16-25,2025-03-23
743,25,1,236.19,4,3,1,8,Potential,Netherlands,16-25,2025-05-04
745,54,2,598.8199999999999,2,5,4,11,Loyal,Italy,46-55,2025-04-10
748,21,1,308.72,4,3,2,9,Potential,Netherlands,46-55,2025-03-09
749,26,2,796.71,3,5,4,12,Loyal,Spain,56-65,2025-03-28
750,36,2,906.01,2,5,5,12,Loyal,Spain,46-55,2025-04-10
751,45,2,1002.1500000000001,2,5,5,12,Loyal,France,56-65,2025-04-17
752,54,1,126.28,2,3,1,6,Need Attention,Italy,56-65,2025-04-08
754,45,2,701.98,2,5,4,11,Loyal,Spain,26-35,2025-01-20
758,2,1,303.48,5,3,2,10,Loyal,Portugal,36-45,2025-03-15
759,18,2,519.6800000000001,4,5,3,12,Loyal,France,36-45,2025-02-09
761,20,1,498.27,4,3,3,10,Loyal,Netherlands,36-45,2025-04-15
762,50,2,1076.53,2,5,5,12,Loyal,Spain,36-45,2025-03-25
764,20,3,746.63,4,5,4,13,VIP / Champions,France,26-35,2025-05-12
767,21,2,665.8,4,5,4,13,VIP / Champions,Netherlands,36-45,2025-05-01
769,28,2,812.5699999999999,3,5,5,13,VIP / Champions,Italy,46-55,2025-04-19
770,60,1,113.56,1,3,1,5,Need Attention,Portugal,36-45,2025-03-28
771,25,1,382.14,4,3,2,9,Potential,Portugal,16-25,2025-02-21
772,73,1,140.28,1,3,1,5,Need Attention,Spain,16-25,2025-01-29
773,54,1,607.94,2,3,4,9,Potential,Spain,46-55,2025-04-06
774,14,1,298.6,4,3,2,9,Potential,Portugal,46-55,2025-05-21
776,19,4,1822.66,4,5,5,14,VIP / Champions,Portugal,56-65,2025-03-18
777,23,1,273.14,4,3,1,8,Potential,Spain,36-45,2025-05-02
779,18,1,465.62,4,3,3,10,Loyal,Netherlands,36-45,2025-04-12
780,14,2,681.0600000000001,4,5,4,13,VIP / Champions,Portugal,16-25,2025-03-28
783,4,2,734.03,5,5,4,14,VIP / Champions,Italy,36-45,2025-03-03
785,49,1,395.28,2,3,2,7,Potential,France,56-65,2025-03-18
787,35,2,620.52,2,5,4,11,Loyal,Italy,46-55,2025-02-19
790,1,1,536.47,5,3,3,11,Loyal,France,16-25,2025-04-26
791,23,1,534.45,4,3,3,10,Loyal,Portugal,16-25,2025-04-05
792,13,3,1109.79,5,5,5,15,VIP / Champions,Italy,16-25,2025-03-06
793,5,1,199.55,5,3,1,9,Potential,Italy,36-45,2025-05-10
795,14,2,885.1500000000001,4,5,5,14,VIP / Champions,Germany,36-45,2025-05-13
796,30,3,1036.81,3,5,5,13,VIP / Champions,Netherlands,16-25,2025-03-03
798,27,3,1317.02,3,5,5,13,VIP / Champions,Portugal,46-55,2025-03-14
800,63,1,309.83000000000004,1,3,2,6,Need Attention,Netherlands,36-45,2025-05-02
801,23,1,249.32,4,3,1,8,Potential,Netherlands,46-55,2025-01-27
802,24,2,643.9300000000001,4,5,4,13,VIP / Champions,Spain,36-45,2025-03-03
804,31,1,276.39,3,3,1,7,Potential,Italy,26-35,2025-05-05
805,56,1,227.32000000000002,1,3,1,5,Need Attention,Germany,26-35,2025-02-21
806,29,1,540.02,3,3,3,9,Potential,Italy,26-35,2025-05-02
807,54,1,337.28,2,3,2,7,Potential,Germany,16-25,2025-04-14
811,2,1,342.96000000000004,5,3,2,10,Loyal,France,26-35,2025-01-22
813,66,1,393.97999999999996,1,3,2,6,Need Attention,Germany,26-35,2025-02-23
816,18,4,1921.0800000000002,4,5,5,14,VIP / Champions,Netherlands,16-25,2025-02-04
818,65,1,396.18,1,3,2,6,Need Attention,France,46-55,2025-03-05
819,25,2,784.9,4,5,4,13,VIP / Champions,Italy,46-55,2025-03-06
820,22,2,444.42,4,5,3,12,Loyal,Spain,56-65,2025-01-29
822,5,2,271.28999999999996,5,5,1,11,Loyal,Germany,56-65,2025-04-30
823,35,1,346.01,2,3,2,7,Potential,Germany,46-55,2025-05-10
825,32,1,241.1,3,3,1,7,Potential,Netherlands,26-35,2025-02-09
826,1,1,440.06,5,3,3,11,Loyal,Portugal,26-35,2025-05-07
827,4,1,112.89,5,3,1,9,Potential,France,46-55,2025-04-21
828,2,1,503.76,5,3,3,11,Loyal,France,16-25,2025-03-08
829,12,2,1055.43,5,5,5,15,VIP / Champions,Portugal,26-35,2025-04-15
830,3,2,1002.95,5,5,5,15,VIP / Champions,Italy,56-65,2025-02-26
831,51,1,513.94,2,3,3,8,Potential,Germany,36-45,2025-04-21
832,50,1,257.37,2,3,1,6,Need Attention,Italy,16-25,2025-03-04
833,18,1,422.78000000000003,4,3,3,10,Loyal,Portugal,56-65,2025-03-07
834,57,1,330.45,1,3,2,6,Need Attention,Netherlands,26-35,2025-04-19
835,2,1,374.25,5,3,2,10,Loyal,Portugal,46-55,2025-04-26
836,61,1,336.11,1,3,2,6,Need Attention,Germany,56-65,2025-05-20
837,1,2,436.7,5,5,3,13,VIP / Champions,Germany,46-55,2025-03-02
838,56,1,243.91,1,3,1,5,Need Attention,Spain,46-55,2025-03-27
839,59,2,483.43999999999994,1,5,3,9,Potential,Germany,36-45,2025-01-29
840,22,1,494.28,4,3,3,10,Loyal,Germany,36-45,2025-04-18
841,51,1,429.03999999999996,2,3,3,8,Potential,Spain,56-65,2025-03-03
842,27,1,427.6,3,3,3,9,Potential,Italy,46-55,2025-02-17
843,26,1,414.53999999999996,3,3,3,9,Potential,France,16-25,2025-03-24
849,54,1,357.46000000000004,2,3,2,7,Potential,Italy,56-65,2025-05-25
851,45,1,538.0,2,3,3,8,Potential,France,46-55,2025-03-21
852,2,2,526.24,5,5,3,13,VIP / Champions,Portugal,46-55,2025-03-24
854,3,2,977.69,5,5,5,15,VIP / Champions,Portugal,36-45,2025-02-24
855,5,1,340.18,5,3,2,10,Loyal,Spain,16-25,2025-03-12
857,44,2,394.5,2,5,2,9,Potential,Germany,36-45,2025-04-21
858,18,2,472.51,4,5,3,12,Loyal,Germany,16-25,2025-04-10
861,3,3,1454.31,5,5,5,15,VIP / Champions,Portugal,26-35,2025-02-19
863,65,1,350.92,1,3,2,6,Need Attention,Germany,16-25,2025-03-07
864,1,2,931.74,5,5,5,15,VIP / Champions,Netherlands,36-45,2025-03-27
867,54,3,1067.47,2,5,5,12,Loyal,France,46-55,2025-03-27
869,12,1,167.31,5,3,1,9,Potential,Netherlands,56-65,2025-03-09
871,33,1,161.43,3,3,1,7,Potential,Netherlands,26-35,2025-04-08
872,24,5,2221.05,4,5,5,14,VIP / Champions,Netherlands,26-35,2025-02-07
873,25,1,467.38,4,3,3,10,Loyal,France,16-25,2025-04-01
876,12,2,922.5899999999999,5,5,5,15,VIP / Champions,Italy,46-55,2025-03-10
877,52,1,505.76,2,3,3,8,Potential,France,26-35,2025-05-13
878,51,1,541.03,2,3,3,8,Potential,Germany,26-35,2025-03-29
879,29,2,583.28,3,5,4,12,Loyal,Netherlands,46-55,2025-05-21
880,50,1,362.54,2,3,2,7,Potential,Portugal,16-25,2025-01-07
881,28,2,761.3199999999999,3,5,4,12,Loyal,Portugal,36-45,2025-03-03
883,31,2,461.58,3,5,3,11,Loyal,Italy,56-65,2025-03-29
884,13,2,621.84,5,5,4,14,VIP / Champions,Spain,26-35,2025-04-13
885,44,2,674.98,2,5,4,11,Loyal,Spain,56-65,2025-04-10
891,64,1,405.34,1,3,3,7,Potential,Portugal,46-55,2025-03-28
892,28,2,352.15,3,5,2,10,Loyal,Germany,46-55,2025-03-16
895,34,1,232.25,2,3,1,6,Need Attention,France,26-35,2025-04-28
896,53,3,1168.24,2,5,5,12,Loyal,Portugal,46-55,2025-04-10
897,49,2,506.89,2,5,3,10,Loyal,France,56-65,2025-03-18
898,35,2,369.43,2,5,2,9,Potential,Italy,36-45,2025-02-28
900,19,1,417.74,4,3,3,10,Loyal,Germany,36-45,2025-03-04
903,22,2,628.45,4,5,4,13,VIP / Champions,Spain,16-25,2025-04-04
906,32,1,134.93,3,3,1,7,Potential,Netherlands,46-55,2025-05-03
907,74,1,278.18,1,3,1,5,Need Attention,Spain,46-55,2025-03-11
908,28,2,794.05,3,5,4,12,Loyal,Germany,16-25,2025-02-13
912,12,1,233.9,5,3,1,9,Potential,Germany,56-65,2025-02-24
913,2,1,319.98,5,3,2,10,Loyal,Portugal,26-35,2025-01-27
914,43,1,169.70000000000002,2,3,1,6,Need Attention,Spain,26-35,2025-03-29
915,52,1,105.22,2,3,1,6,Need Attention,Spain,56-65,2025-03-18
916,54,1,635.8,2,3,4,9,Potential,Spain,36-45,2025-04-25
920,49,2,1014.56,2,5,5,12,Loyal,Spain,16-25,2025-02-22
921,32,1,333.83000000000004,3,3,2,8,Potential,Italy,46-55,2025-05-03
922,4,2,616.0799999999999,5,5,4,14,VIP / Champions,Spain,16-25,2025-04-25
928,58,1,487.90999999999997,1,3,3,7,Potential,Netherlands,36-45,2025-03-24
929,23,3,1029.15,4,5,5,14,VIP / Champions,Netherlands,26-35,2025-01-11
930,4,1,159.57999999999998,5,3,1,9,Potential,Netherlands,46-55,2025-02-15
932,25,2,900.06,4,5,5,14,VIP / Champions,France,26-35,2025-03-12
935,18,2,707.07,4,5,4,13,VIP / Champions,Italy,46-55,2025-01-14
936,2,2,680.5999999999999,5,5,4,14,VIP / Champions,Netherlands,26-35,2025-02-12
943,31,3,990.49,3,5,5,13,VIP / Champions,Italy,56-65,2025-03-02
946,27,2,543.22,3,5,3,11,Loyal,France,16-25,2025-04-03
948,19,1,441.5,4,3,3,10,Loyal,Spain,26-35,2025-01-25
951,63,1,231.49,1,3,1,5,Need Attention,Portugal,26-35,2025-02-19
952,32,1,180.89999999999998,3,3,1,7,Potential,Italy,16-25,2025-03-14
953,1,2,671.88,5,5,4,14,VIP / Champions,France,16-25,2025-03-02
954,30,1,220.21,3,3,1,7,Potential,Portugal,26-35,2025-02-19
955,2,2,1027.43,5,5,5,15,VIP / Champions,Portugal,26-35,2025-04-14
956,2,2,721.79,5,5,4,14,VIP / Champions,Portugal,46-55,2025-04-02
957,35,2,535.71,2,5,3,10,Loyal,France,16-25,2025-01-18
958,18,6,1556.17,4,5,5,14,VIP / Champions,Germany,56-65,2025-02-23
959,45,1,167.82,2,3,1,6,Need Attention,Spain,26-35,2025-04-02
960,52,1,405.31,2,3,3,8,Potential,Germany,56-65,2025-01-13
961,59,1,296.59000000000003,1,3,2,6,Need Attention,Germany,56-65,2025-03-24
962,74,1,553.9200000000001,1,3,4,8,Potential,Portugal,56-65,2025-04-04
963,28,2,1004.99,3,5,5,13,VIP / Champions,Germany,46-55,2025-03-25
968,27,1,238.58000000000004,3,3,1,7,Potential,Italy,16-25,2025-04-16
970,51,1,334.34000000000003,2,3,2,7,Potential,Germany,56-65,2025-04-18
972,21,1,516.8199999999999,4,3,3,10,Loyal,France,26-35,2025-03-11
973,26,2,756.1899999999999,3,5,4,12,Loyal,Italy,56-65,2025-03-22
974,57,1,230.85999999999999,1,3,1,5,Need Attention,Italy,26-35,2025-06-02
975,28,1,202.88,3,3,1,7,Potential,Netherlands,46-55,2025-04-19
976,30,1,147.22,3,3,1,7,Potential,Italy,26-35,2025-04-30
978,4,1,554.35,5,3,4,12,Loyal,France,36-45,2025-04-10
981,55,1,568.53,1,3,4,8,Potential,Spain,26-35,2025-04-29
982,58,1,540.69,1,3,3,7,Potential,Italy,56-65,2025-01-27
983,52,1,104.72999999999999,2,3,1,6,Need Attention,Germany,36-45,2025-04-21
986,50,1,429.24,2,3,3,8,Potential,Netherlands,16-25,2025-03-24
987,51,1,457.32,2,3,3,8,Potential,Portugal,46-55,2025-04-24
988,22,2,585.53,4,5,4,13,VIP / Champions,Portugal,16-25,2025-02-23
990,26,1,469.26,3,3,3,9,Potential,Spain,46-55,2025-02-27
992,57,1,381.98,1,3,2,6,Need Attention,Italy,36-45,2025-05-14
993,33,2,356.25,3,5,2,10,Loyal,Germany,16-25,2025-04-17
996,73,2,699.55,1,5,4,10,Loyal,Germany,16-25,2025-05-08
997,24,2,862.3900000000001,4,5,5,14,VIP / Champions,Italy,56-65,2025-03-29
999,12,2,690.26,5,5,4,14,VIP / Champions,Germany,56-65,2025-02-21
